dong_nm,cluster_id,pca_x,pca_y,biz_cnt,emp_cnt,tot_pop,pop_20s,pop_30s,subway_total_psngr_co,subway_station_count,commercial_area_count,store_count,similar_store_ratio,franchise_ratio,open_store_ratio,close_store_ratio,net_open_store_ratio,store_turnover_ratio,young_pop_ratio,middle_old_pop_ratio,office_worker_ratio,store_per_area,food_biz_ratio,retail_biz_ratio,education_biz_ratio,culture_biz_ratio,info_comm_biz_ratio,cluster_name
공덕동,0,-1.691044966342938,-0.6763325806998745,2412,12769,36648,5308,6927,30786905.0,1.0,7,900,1.0711111111111111,0.0711111111111111,0.0144444444444444,0.0233333333333333,-0.0088888888888888,0.0377777777777777,0.3338517790875355,0.561995197555119,0.3484228334424798,128.57142857142858,0.10199004975124377,0.25663349917081263,0.06301824212271974,0.02155887230514096,0.07504145936981758,주거/생활밀착형 상권
아현동,0,-1.556122641168802,1.5758158848868238,3593,20416,29566,2959,5940,13224722.0,2.0,4,345,1.092753623188406,0.0927536231884058,0.008695652173913,0.0347826086956521,-0.0260869565217391,0.0434782608695652,0.3009876209159169,0.5264154772373673,0.6905228979232902,86.25,0.13331477873643194,0.232952964096855,0.04035624826050654,0.01753409407180629,0.052880601168939605,주거/생활밀착형 상권
도화동,0,-1.2627903644134648,1.3817770146965362,2897,21761,20486,2404,3712,11063826.0,1.0,3,1470,1.1258503401360545,0.1258503401360544,0.0183673469387755,0.0231292517006802,-0.0047619047619047,0.0414965986394557,0.29854534804256566,0.5764424485014156,1.062237625695597,490.0,0.14601311701760442,0.25060407317915084,0.04694511563686572,0.02416292716603383,0.07248878149810148,주거/생활밀착형 상권
용강동,0,-1.3879229900291385,1.2119738935925464,3729,19150,21497,1964,3453,0.0,0.0,4,1088,1.09375,0.09375,0.0220588235294117,0.0340073529411764,-0.0119485294117647,0.0560661764705882,0.251988649579011,0.5636135274689491,0.8908219751593246,272.0,0.10002681684097613,0.22767497988736926,0.0445159560203808,0.02467149369804237,0.06838294448913917,주거/생활밀착형 상권
대흥동,2,3.142471351588774,-0.4246010271158128,1988,9699,16221,4855,2774,39710907.0,3.0,5,507,1.069033530571992,0.0690335305719921,0.0335305719921104,0.0414201183431952,-0.0078895463510848,0.0749506903353057,0.47031625670427224,0.43511497441588065,0.5979286110597374,101.4,0.20774647887323944,0.19064386317907445,0.10010060362173039,0.029678068410462777,0.04929577464788732,대학가/청년형 상권
염리동,0,-1.759101602263477,0.15614177464664156,1062,6316,17650,2585,2915,13808855.0,1.0,2,433,1.1062355658198617,0.1062355658198614,0.0161662817551963,0.0184757505773672,-0.0023094688221709,0.0346420323325635,0.311614730878187,0.5137677053824362,0.3578470254957507,216.5,0.18832391713747645,0.2344632768361582,0.1016949152542373,0.025423728813559324,0.051789077212806026,주거/생활밀착형 상권
신수동,4,-3.030603910860812,-2.0793906899158188,2303,6711,22283,3385,3475,0.0,0.0,4,508,1.0688976377952757,0.0688976377952756,0.0275590551181102,0.0137795275590551,0.0137795275590551,0.0413385826771653,0.3078580083471705,0.554862451195979,0.3011712965040614,127.0,0.08554059921841077,0.3026487190620929,0.05123751628310899,0.026921406860616587,0.08944854537559704,주거/생활밀착형 상권
서강동,2,1.381430616788892,-0.5079274951998064,2605,10137,25103,5040,4197,16087846.0,2.0,7,1397,1.078740157480315,0.0787401574803149,0.022906227630637,0.0357909806728704,-0.0128847530422333,0.0586972083035075,0.36796398836792416,0.5076285702904035,0.4038162769390113,199.57142857142858,0.20038387715930903,0.23761996161228408,0.06794625719769674,0.04222648752399232,0.0710172744721689,대학가/청년형 상권
서교동,1,6.759302964086585,-1.3738592128596894,13072,62010,25904,6848,5833,76124382.0,1.0,12,7406,1.0916824196597354,0.0916824196597353,0.0288954901431271,0.030110721036997,-0.0012152308938698,0.0590062111801242,0.48953829524397774,0.44193946880790613,2.393838789376158,617.1666666666666,0.21289779681762547,0.23385862913096694,0.04146266829865361,0.04077417380660955,0.09723072215422277,오피스형 상권
합정동,0,0.013423196579513024,-0.9957934053625455,3816,13968,16035,2696,3736,37162198.0,1.0,5,998,1.0470941883767535,0.0470941883767535,0.0130260521042084,0.0210420841683366,-0.0080160320641282,0.034068136272545,0.4011225444340505,0.5220455254131587,0.8710944808231993,199.6,0.16535639412997905,0.19627882599580712,0.03223270440251572,0.028039832285115304,0.09853249475890985,주거/생활밀착형 상권
망원1동,4,0.14515627866023356,-1.5763914966779846,2978,6519,18778,2878,3685,13426972.0,1.0,4,1716,1.062937062937063,0.0629370629370629,0.0367132867132867,0.0279720279720279,0.0087412587412587,0.0646853146853146,0.3495047395888806,0.5684843966343593,0.3471615720524017,429.0,0.19173942243116185,0.24311618535930155,0.027871054398925454,0.03190060443250504,0.052048354600402955,주거/생활밀착형 상권
망원2동,4,-1.436739214087573,-1.0609268476892977,2013,4967,17438,2377,2954,0.0,0.0,4,966,1.0786749482401656,0.0786749482401656,0.0320910973084886,0.025879917184265,0.0062111801242236,0.0579710144927536,0.3057116641816722,0.5838398898956302,0.28483771074664527,241.5,0.1381023348236463,0.2533532041728763,0.05514157973174367,0.033283656234475906,0.06209637357178341,주거/생활밀착형 상권
연남동,4,1.619207711030723,-1.5732770842683972,3065,8850,14728,2928,3189,0.0,0.0,4,2823,1.0499468650371944,0.0499468650371944,0.0258590152320226,0.0269217144881331,-0.0010626992561105,0.0527807297201558,0.41533134166214014,0.5124932102118414,0.6008962520369364,705.75,0.33539967373572593,0.20489396411092986,0.036215334420880915,0.03197389885807504,0.06394779771615008,주거/생활밀착형 상권
성산1동,4,-1.3568999276717242,-0.8245766078029663,2719,12768,18697,2920,3486,0.0,0.0,4,935,1.0598930481283422,0.0598930481283422,0.0235294117647058,0.0267379679144385,-0.0032085561497326,0.0502673796791443,0.34262181098571964,0.5626036262502006,0.682890303257207,233.75,0.09635895549834499,0.25193085693269585,0.03420375137918352,0.0316292754689224,0.09893343140860611,주거/생활밀착형 상권
성산2동,0,-1.3009419085607825,0.4866420848601745,4039,13360,38532,6586,7195,15492710.0,2.0,6,859,1.109429569266589,0.109429569266589,0.0209545983701979,0.0314318975552968,-0.0104772991850989,0.0523864959254947,0.3576507837641441,0.5310910412124987,0.3467248001660957,143.16666666666666,0.06759098786828423,0.2698687794008418,0.0428323842535281,0.017083436494181727,0.04877444912106957,주거/생활밀착형 상권
상암동,3,1.7211754066639946,6.280725794909467,3789,45499,29798,4213,3769,23281286.0,1.0,2,1200,1.205,0.205,0.0266666666666666,0.04,-0.0133333333333333,0.0666666666666666,0.267870326867575,0.5574199610712128,1.5269145580240284,600.0,0.19371865927685405,0.17841119028767485,0.052256532066508314,0.026656109791501716,0.1868566904196358,주거/생활밀착형 상권
