dong_nm,cluster_id,cluster_type,young_score,middle_senior_score,office_score,local_score,trend_score,access_score,scale_score,low_competition_score,growth_score
아현동,1,업무·직장인 중심 상권,2.13,63.07,44.36,39.09,22.65,17.37,25,57.36,3.3
공덕동,1,업무·직장인 중심 상권,19.77,72.11,29.78,42.71,27.53,40.44,6.12,80.38,39.26
도화동,1,업무·직장인 중심 상권,21.95,83.85,42.3,35.05,18.25,14.53,21.86,66.04,27.41
용강동,1,업무·직장인 중심 상권,12.03,68.54,47.74,39.51,13.64,0,12.7,47.82,20.55
대흥동,3,혼합형·대학가 상권,72.83,11.17,43.36,43.6,50.51,52.17,14.86,28.7,51.8
염리동,2,생활권·로컬 상권,37.74,62.6,26.67,37.14,54.56,18.14,7.03,81.38,38.02
신수동,2,생활권·로컬 상권,32.42,48.15,19.81,25.57,48.41,0,6.94,89.47,57.14
서강동,3,혼합형·대학가 상권,72.72,27.29,15.03,41.57,58.79,21.13,16.5,46.69,36.75
서교동,3,혼합형·대학가 상권,89.26,33.12,60.98,67.28,77.45,100,67.75,50.56,69.11
합정동,0,트렌디·핫플레이스 상권,78.79,75.11,47.2,7.96,75.03,48.82,19.18,91.24,72.66
망원1동,2,생활권·로컬 상권,60.06,80.75,8.24,31,75.66,17.64,23.78,54.58,61.18
망원2동,2,생활권·로컬 상권,43.3,69.98,10.94,27.61,63.46,0,13.49,59.25,48.35
연남동,0,트렌디·핫플레이스 상권,74.78,60.26,15.58,58.95,81.68,0,44.58,68.29,68.94
성산1동,2,생활권·로컬 상권,33.71,73.52,24.33,36.92,39.93,0,10.23,68.46,44.41
성산2동,2,생활권·로컬 상권,24.82,65.39,8.87,54.08,40.77,20.35,7.08,50.62,32.65
상암동,1,업무·직장인 중심 상권,25.34,70.36,83.56,51.56,11.28,30.58,16.37,8.47,27.3
