dong_nm,youth_ratio,mid_age_ratio,senior_ratio,cafe_youth_sales_ratio,cafe_30s_sales_ratio,office_worker_proxy,weekday_dominance,lunch_peak_ratio,evening_peak_ratio,cafe_lunch_ratio,cafe_afternoon_ratio,similar_store_density,subway_accessibility,commercial_scale,food_biz_ratio,cafe_density_per_pop,market_saturation,store_turnover,avg_ticket_index,stay_type_index,cafe_weekend_dep,premium_score,population_density,weekday_sales_ratio,market_growth_idx,cluster_id,DistancesToClusterCenter no.0,DistancesToClusterCenter no.1,DistancesToClusterCenter no.2,DistancesToClusterCenter no.3,cluster_type
아현동,-0.9665398774883623,0.029500303032649135,0.21871061429761207,-1.3715839349821695,-2.6706366623594837,-0.07626300711096332,0.8851252645999219,0.1128832404225964,-0.5457018634441675,0.4012976275877064,-0.07245309624688703,0.12392472804668266,-0.2505403962459192,-0.6873745431056024,3.290760409453135,-1.1230576010409061,0.8599109897097728,-0.7006643084720698,-1.2145463978004236,0.47177095737841,0.3460764249317954,-0.7638279720915361,0.03329939442754338,1.120072762293942,-2.2367461376994053,1,2.4303868159965005,1.122633934162817,1.6988676705447234,2.2073429297261744,업무·직장인 중심 상권
공덕동,-0.633695830747502,0.09103039202092694,0.9942230642738743,-0.9027868218975594,-1.0653868800253445,-0.709927570282413,0.2261562627023858,-0.5556662038610836,-0.5400347652694597,1.0154612896660056,-1.0987039026582774,-0.46369557692896307,0.6454256175517364,-0.3488527782130424,-0.7081334456971696,-0.7810536417961257,-0.6889157478530511,-1.189888976712219,-0.3579414215690434,0.10946818987917893,-1.2580332118425563,0.3610874474291096,0.5668784291613006,0.9963477998194876,-0.39420258354658394,1,2.025626413140805,0.8415281390228966,1.200995028348094,1.9584154804875764,업무·직장인 중심 상권
도화동,-0.7383336822390614,0.44318651781918045,1.594827121493098,-0.847893523453335,-0.44319558152937316,0.6122561574665016,-0.3629228844362653,0.2854649760064785,1.078140397793186,1.040258032217426,-1.4920134732594403,1.0225405098098956,-0.360782350526392,-0.0011817764314942252,-0.6564138273411647,0.9975262019547437,-0.7165233543867258,-0.8707337624953703,-1.12090762024555,-0.32198306021958467,-1.4901752101578198,-1.203768032110086,-0.6928596248059687,0.5089068181600669,0.04794871877420871,1,2.1605007818651174,0.9106541355671582,1.3368894916977099,2.126671294449692,업무·직장인 중심 상권
용강동,-1.1195730781136368,0.3123347564377152,0.3220991220149868,-1.2580051333541447,-0.44801845610777663,0.2947466490053958,0.9803337067774954,-0.16603798922032248,-0.44640027706379165,1.561969180038927,-1.5801837932794067,0.15097756022867048,-0.9252231195680801,-0.2341823425377247,-0.45890002746329234,-0.20421910864498777,0.755036506130384,0.3796509445663195,-1.021340130820359,0.2984824815905771,-1.140366990966602,-1.0082748436059983,-0.2276638769037455,1.2418683411963496,-0.7220022552190651,1,2.3483036963558095,0.5263258029805193,1.4074636717439857,2.1103205924908006,업무·직장인 중심 상권
대흥동,1.9736197966115945,-2.3791696782446934,-1.169110250846401,-0.07102586388486878,0.48626390401239455,-0.2477734054694743,1.0431572913331983,1.2170675924010443,-0.18161108123118297,0.42818718321789656,0.4497032268603923,-0.5201043942741768,1.1006994578859537,-0.5885627847045308,1.232951699403326,-0.8764628418400997,1.7578151878025237,2.0003504329400164,0.534851267797445,1.127668643230585,-0.5741469365423864,1.0362100266397973,-0.2710664380854774,0.05024091135474471,-0.28713636013525645,3,1.9908012449031813,1.8485730323911518,1.8585608678522567,1.0588469218277496,혼합형·대학가 상권
염리동,-0.7149500783534374,0.3422214388266038,-0.2921607159242731,0.5384845140694039,-0.45669542415416026,-0.6924713428194448,0.47879798924343114,-0.36514045275241913,-0.39524956268644645,0.13292821923293813,0.5160173531170849,0.4899757305158087,-0.22073981191436623,-0.6336990200235388,-0.03191447898978446,-0.7819425764524255,-1.34603629166716,-1.459003716712164,-0.6365618333932679,0.7959648036238284,0.34390649822560015,-0.6476278641003498,-0.6463180990846439,0.07189335378425635,0.31069451843010654,2,1.647511169371466,1.2429877247973322,0.7480311360179297,1.8205674348528933,생활권·로컬 상권
신수동,-0.4281076059633053,-1.2906694793376223,0.7551161884407439,-0.4940944984320408,0.010245049730951987,-0.7974505719477513,-0.41356472267145755,-0.6709336588483649,-0.6115952285649938,-0.10721099119009349,-0.20450306600741605,-0.5237940470565244,-0.9252231195680801,-0.5879528355785983,-0.2976478742089369,-0.6192713379753255,-1.9813285303583823,-0.8842949476587012,-0.8424014002102327,-0.3912180282139103,0.20777828761720282,-0.5979015927955666,-0.7468686862370325,0.16447922315211747,2.034415881078514,2,1.8807562057528024,1.4652226248147997,0.753189839700769,1.997103960018658,생활권·로컬 상권
서강동,1.1695917249441674,-1.6927218792322485,-0.6466527009419633,0.9570424285415221,0.39118800199027537,-0.6073234908910216,-0.014675217055739851,-0.2842087298557454,-0.16933363388484673,-0.45778207335590165,0.7098084779244894,-0.2565577669192275,-0.10447303108474308,-0.04570806262456972,-0.3483478181540754,-0.0600699757911778,0.9963207999642173,0.6054503469790011,0.2038620923605938,0.20474204580122018,0.3058617997480891,0.17110142726202907,-0.006195981582919059,-1.6264896435750604,-0.8223061296073044,3,1.451540438269878,1.7731344595583745,1.1647639055140517,0.8963061853990574,혼합형·대학가 상권
서교동,2.0789143169031954,-0.2472129279655344,-2.240329742200314,1.4965361325472715,-0.05316270112717594,3.0787522424141147,-0.850371254738141,1.7880561672026658,3.038952353088603,-1.117199542819252,0.31927737110100074,0.09484026039139269,2.9583976748029843,3.6194762351040666,-0.3407502009536108,1.292665014828485,0.22791077208645275,0.6319694730537452,0.9575835294134929,-1.174123769384629,0.5544296278016211,1.8367987301206163,3.1904007414773563,-1.599861167178886,0.4279275171915156,3,2.059610839288946,2.912748923201802,2.7024494473419445,1.5046086436827337,혼합형·대학가 상권
합정동,0.5528418188398827,1.4827703756547936,-0.7914069702735623,1.6024919149127514,1.9218711749002801,0.25820583718196527,-0.17757973097189772,1.1901197506584056,0.9634720644813496,-1.6298147535846064,-0.39090838652305415,-1.1157839949713453,0.970672533382308,-0.28907776387165346,0.5790723634739362,-0.10530973823843928,-0.9988696844004084,-1.5082564037294042,2.3638193550385336,-2.7276658956869646,0.8645914749919188,2.1392199744596683,-0.528316816833069,0.866619036754373,-0.30068761718552905,0,0.9480819927697554,2.331928698187603,1.9610701651404208,1.8723322076779334,트렌디·핫플레이스 상권
망원1동,-0.052846777704918246,0.8305619208137517,0.7206071297116429,1.0250896521372488,1.127014982634614,-0.7122637775234364,-1.2314224451973301,-1.3911132779058941,-0.14086591830560913,-1.3861436226083397,0.8902463059109481,-0.6856308432173176,-0.24022225263640457,0.14886570854791079,-0.4950501876074835,0.8675526224592743,-0.06140579141992631,1.119359310632762,-0.15086863080126228,-0.871460334671708,1.4007252691133791,0.14158352142883465,-0.5041158267553179,-0.4825847547657068,1.4946325791110422,2,1.3090849028586122,1.9959270919499172,0.911713274935374,1.6896529596821892,생활권·로컬 상권
망원2동,-0.7001943050824961,-0.2787575373593902,1.3405464452360776,0.45182926337555973,0.8494805501360488,-0.82770492018854,-1.1034967850715844,-1.2916311258905755,-0.030543252783497732,-1.2873896891485117,1.0187791486892692,-0.2583282764447783,-0.9252231195680801,-0.30859613590149465,-0.6563077575746,0.24826789891702136,-0.3444208315416047,0.5431272209520241,-0.6857626622723584,-0.5819859427499646,0.9891571703186685,-0.6502140684054115,-0.8031414688017375,-0.05538183348198535,1.2235684022023756,2,1.61719846370711,1.7560527529118484,0.6362420164782521,1.8722846228928214,생활권·로컬 상권
연남동,1.0340928740982112,0.598713094343649,-0.8986085598339909,1.2551907211940478,0.513653659739594,-0.24227650816161184,-1.0676275769299877,-0.3618276189266237,0.7492075176996063,-0.9260958784766319,2.072901976951242,-1.0383303831276842,-0.9252231195680801,0.8240793909552333,-0.38243922640622174,2.7845613530164757,-0.20348933428176585,0.09768859670555959,1.8576308972292095,1.168717639075449,1.0344684256001957,0.94732158590534,-0.6486210566519689,-1.1983990486360714,0.4442692476671609,0,0.9480819927697572,2.359381714194698,1.5451218412317582,1.5410005080346132,트렌디·핫플레이스 상권
성산1동,-0.3934606646832973,0.8508068976300069,-0.0031063172079724374,-0.7007577615099437,0.6568155414219825,-0.09040069741598293,-0.314952629615991,-0.5660957173873825,-0.7797577377142565,0.26667441335739894,-0.04894717959197605,-0.7682795165472913,-0.9252231195680801,-0.3275045588054034,-0.6834582146009451,-0.2014663986589694,-0.22834606951327116,-0.11801116420709926,-0.11454935676524117,0.31255852245645704,-0.20873069359330493,-0.13050498994956775,-0.5014925718188741,-0.4575659921733213,0.2143693035638045,2,1.5446180604736228,1.1250866304276286,0.5794778494584939,1.6458152127225396,생활권·로컬 상권
성산2동,-0.5382955840862802,-0.20466382322003832,0.7899647998695881,-0.8948939274957919,-0.31440064888565994,-0.7130728006581022,-0.7715569533116029,-0.9186911926582045,-0.7433987384495697,0.6323987365276789,0.47354162208305,0.5766967762830507,-0.13483495303872112,-0.37386069237627656,-0.5486253350487136,-0.7407555020216399,0.4066359273323011,0.06385481555111806,-0.1757089132001161,1.4396561240898984,0.7504153592449403,-0.42649106132961206,0.40703347394468953,-1.2141595443489261,-0.5643795601181483,2,1.9273287563745123,1.2958829296911558,0.8221379493005274,1.689430903117551,생활권·로컬 상권
상암동,-0.5230630469347525,1.1120696287802543,-0.6947192281091363,-0.7856231617679512,-0.5050365103771507,1.472967206400764,2.694599685343571,1.9777542406154176,-1.2452802736649615,1.43246186933736,-1.562562585071018,3.1715492342117773,0.2625131096639673,-0.16586804043328018,0.5052039217156005,-0.6969643687159036,1.565705452396642,1.2894021386064765,0.40284122523858035,0.13940762380116586,-2.1259572944907412,-1.2047122888572679,1.3790484085498649,1.6140137376446324,-0.8703655245074352,1,2.751972641922311,1.2937027809832056,2.2934546431987592,2.2714440612473576,업무·직장인 중심 상권
